k,subset,tau,rho,mean_r2,top10,top100
1,MMLU_PRO,0.787130277582941,0.9382135439683764,0.6194398704120139,0.4,0.53
1,BBH,0.7568210640123066,0.9153877750176694,0.6057670990138815,0.3,0.56
1,MATH,0.738059132969794,0.9026120273921062,0.42443625915121785,0.1,0.51
1,IFEval,0.6490101781064165,0.8306704903831428,0.28989661146233164,0.3,0.48
1,GPQA,0.610547739176817,0.8030846476418605,0.5083332007712874,0.0,0.24
1,MUSR,0.45280063839548473,0.6469241684060244,0.3592929780222035,0.4,0.08
2,IFEval + MMLU_PRO,0.9048384468975437,0.9855863841579994,0.6837115190100835,0.6,0.81
2,IFEval + BBH,0.8782873606686804,0.9767056414113003,0.6739639271855894,0.6,0.71
2,BBH + MATH,0.8316686403630499,0.9583309068926124,0.643162966928027,0.5,0.52
2,MATH + MMLU_PRO,0.8313825917036805,0.9610808566766698,0.6347567568223135,0.6,0.57
2,IFEval + GPQA,0.823519933169916,0.9560582155720814,0.6565380868647425,0.0,0.54
2,IFEval + MATH,0.8068071619419843,0.9451018109455186,0.4805576692158374,0.4,0.62
2,BBH + MMLU_PRO,0.7937903825183096,0.9400422054653433,0.5542847848220899,0.4,0.57
2,MUSR + MMLU_PRO,0.7871506371804939,0.938166494803593,0.6712654039843297,0.4,0.54
2,GPQA + MMLU_PRO,0.7866721107743085,0.9378613032580483,0.6203612104681921,0.4,0.52
2,MATH + GPQA,0.7625816787961514,0.921649437631513,0.5893225404824791,0.1,0.49
2,BBH + GPQA,0.7569359632311881,0.9149929537059368,0.6025461304340588,0.3,0.56
2,BBH + MUSR,0.7560018881081434,0.9149106635339237,0.6466415933793016,0.3,0.56
2,IFEval + MUSR,0.7504383280118299,0.916236494475373,0.5804480768600466,0.4,0.36
2,MATH + MUSR,0.7328310276999191,0.90563611346338,0.5862326939530327,0.0,0.43
2,GPQA + MUSR,0.6156622242377185,0.8095948057183563,0.5249133079012446,0.0,0.21
3,IFEval + BBH + MATH,0.9429312737098515,0.9948623624473042,0.7280008252147967,0.5,0.83
3,IFEval + MATH + MMLU_PRO,0.9357960615426024,0.9939306477923606,0.7153935136999499,0.6,0.85
3,IFEval + MUSR + MMLU_PRO,0.9200067118534548,0.9890108341910254,0.7549293835696304,0.5,0.72
3,IFEval + BBH + MMLU_PRO,0.9138632613599413,0.9878749458179936,0.619389628946131,0.6,0.81
3,IFEval + GPQA + MMLU_PRO,0.9108896492104483,0.9875936406457738,0.6859304821935992,0.5,0.72
3,IFEval + BBH + GPQA,0.8910319803512158,0.9809057129607734,0.6800580652265534,0.3,0.72
3,IFEval + MATH + GPQA,0.8891888059440374,0.9821861262292235,0.7033512680554876,0.2,0.78
3,IFEval + BBH + MUSR,0.8826399245023536,0.9786882283977534,0.7328705132921459,0.6,0.69
3,IFEval + MATH + MUSR,0.8607216353244898,0.9722628108277853,0.7070676101641306,0.7,0.73
3,BBH + MATH + MMLU_PRO,0.8419787462302952,0.9641790347263286,0.5520183417433864,0.8,0.53
3,IFEval + GPQA + MUSR,0.8385069770420908,0.9621960415016243,0.7262591410153382,0.4,0.48
3,MATH + MUSR + MMLU_PRO,0.833774022375776,0.9618295317897232,0.7072414923317462,0.6,0.55
3,BBH + MATH + MUSR,0.8314764483474139,0.958156836943806,0.7101605885310175,0.6,0.5
3,BBH + MATH + GPQA,0.8314655718304755,0.9583886789303308,0.6473966129707318,0.5,0.51
3,MATH + GPQA + MMLU_PRO,0.8312299809935073,0.9610946706252752,0.6418067796013406,0.6,0.57
3,BBH + GPQA + MMLU_PRO,0.7938084743032029,0.9401441397773243,0.5265990400512063,0.4,0.56
3,BBH + MUSR + MMLU_PRO,0.793687994944463,0.9400529390133509,0.5917761121681457,0.4,0.57
3,GPQA + MUSR + MMLU_PRO,0.7868558610119579,0.9379151415685101,0.6590892595216712,0.4,0.52
3,MATH + GPQA + MUSR,0.7688976158025241,0.9255477500799378,0.6352000614636552,0.0,0.43
3,BBH + GPQA + MUSR,0.7570417305942827,0.9150508031026645,0.6315965090405499,0.2,0.56
4,IFEval + MATH + MUSR + MMLU_PRO,0.9600062386840414,0.9974848670913553,0.8381691654867283,0.7,0.9
4,IFEval + BBH + MATH + MMLU_PRO,0.9573586761384241,0.9973902307732386,0.6330233278912862,0.6,0.87
4,IFEval + BBH + MATH + MUSR,0.9570267573458814,0.996891391955849,0.842563385959243,0.8,0.86
4,IFEval + BBH + MATH + GPQA,0.9543824274792676,0.9966062659825141,0.7408064156860223,0.5,0.93
4,IFEval + MATH + GPQA + MMLU_PRO,0.9494937234985938,0.99594844203106,0.7300574680916907,0.7,0.93
4,IFEval + BBH + MUSR + MMLU_PRO,0.9252753951170579,0.990109098354257,0.6757880291326239,0.5,0.74
4,IFEval + GPQA + MUSR + MMLU_PRO,0.9229314165623664,0.989655601149213,0.7652183023902717,0.4,0.67
4,IFEval + BBH + GPQA + MMLU_PRO,0.9176730714569349,0.9888175645960287,0.576737706743383,0.4,0.74
4,IFEval + MATH + GPQA + MUSR,0.9089786262077569,0.987424899652353,0.8294461772745673,0.6,0.74
4,IFEval + BBH + GPQA + MUSR,0.8954545253504266,0.9820983905285825,0.7477196862053295,0.4,0.67
4,BBH + MATH + MUSR + MMLU_PRO,0.8421224864553266,0.9641924828486358,0.60573995874429,0.9,0.53
4,BBH + MATH + GPQA + MMLU_PRO,0.8419449483903847,0.9646671997782473,0.5097863273342493,0.5,0.53
4,MATH + GPQA + MUSR + MMLU_PRO,0.8336724300452214,0.9620655232306947,0.7054581929531032,0.6,0.53
4,BBH + MATH + GPQA + MUSR,0.8310627810830514,0.9582073367403405,0.7094266488716727,0.5,0.49
4,BBH + GPQA + MUSR + MMLU_PRO,0.7937480358130099,0.9401418934943409,0.5323973574828342,0.4,0.56
5,IFEval + BBH + MATH + MUSR + MMLU_PRO,0.9809459792500201,0.9994910758055565,0.7599828114931372,0.8,0.92
5,IFEval + MATH + GPQA + MUSR + MMLU_PRO,0.9704229270956669,0.9984427759198125,0.929335030853989,0.8,0.93
5,IFEval + BBH + MATH + GPQA + MUSR,0.9678596090010252,0.9981415774718982,0.9368772335304125,0.9,0.94
5,IFEval + BBH + MATH + GPQA + MMLU_PRO,0.9666592410889776,0.9983239316788959,0.5456070158229653,0.8,0.96
5,IFEval + BBH + GPQA + MUSR + MMLU_PRO,0.9275800091464037,0.9904081793889624,0.6088449323115398,0.4,0.69
5,BBH + MATH + GPQA + MUSR + MMLU_PRO,0.842337003333347,0.9647864302299383,0.4970153684783913,0.5,0.51
